#version,serial,flight,call,time,rssi,lqi,acceleration,pressure,altitude,height,speed,temperature,drogue_voltage,main_voltage,battery_voltage,accel_x,accel_y,accel_z,gyro_roll,gyro_pitch,gyro_yaw,mag_x,mag_y,mag_z,tilt,pyro,igniter_a,igniter_b,igniter_c,igniter_d,connected,locked,nsat,latitude,longitude,altitude,year,month,day,hour,minute,second,pad_dist,pad_range,pad_az,pad_el,pdop,hdop,vdop,sat01,sat02,sat03,sat04,sat05,sat06,sat07,sat08,sat09,sat10,sat11,sat12,sat13,sat14,sat15,sat16,sat17,sat18,sat19,sat20,sat21,sat22,sat23,sat24,sat25,sat26,sat27,sat28,sat29,sat30,sat31,sat32
6, 11115, 3,N0CALL,     0.00, -60,   8,   -0.98,  99108.00,  186.20,   -0.17,    0.15, 15.6, 3.83, 3.83, 3.85,   0.14,  -2.82,  -9.39,  -0.06,   0.18,   0.24,   0.02,   0.45,  -0.38,  90.00, 3.86, 0.00, 0.00, 0.00, 0.00, 1, 1,  9,  42.6264293, -88.1593012,   234.0, 2025,  4,  5, 14,  8, 30,        3,        6, 288, -63,   1.6,   0.9,   1.2, 35, 31,  0,  0,  0,  0, 25, 32, 20,  0,  0,  0,  0, 25,  0,  0, 26,  0,  0,  0,  0, 20,  0,  0,  0,  0, 29,  0,  0, 26,  0,  0
6, 11115, 3,N0CALL,     0.00, -60,  11,   -0.98,  99108.00,  186.20,   -0.17,    0.15, 15.6, 3.83, 3.83, 3.85,   0.14,  -2.82,  -9.39,  -0.06,   0.18,   0.24,   0.02,   0.45,  -0.38,  90.00, 3.86, 0.00, 0.00, 0.00, 0.00, 1, 1,  9,  42.6264293, -88.1593012,   234.0, 2025,  4,  5, 14,  8, 30,        3,        6, 288, -63,   1.6,   0.9,   1.2, 35, 31,  0,  0,  0,  0, 25, 32, 20,  0,  0,  0,  0, 25,  0,  0, 26,  0,  0,  0,  0, 20,  0,  0,  0,  0, 29,  0,  0, 26,  0,  0
6, 11115, 3,N0CALL,     0.53, -59,   6,   -0.98,  99108.00,  186.20,   -0.17,    0.15, 15.6, 3.83, 3.83, 3.85,   0.14,  -2.82,  -9.39,  -0.06,   0.18,   0.24,   0.02,   0.45,  -0.38,  90.00, 3.86, 0.00, 0.00, 0.00, 0.00, 1, 1,  9,  42.6264293, -88.1593012,   234.0, 2025,  4,  5, 14,  8, 30,        3,        6, 288, -63,   1.6,   0.9,   1.2, 35, 31,  0,  0,  0,  0, 25, 32, 20,  0,  0,  0,  0, 25,  0,  0, 26,  0,  0,  0,  0, 20,  0,  0,  0,  0, 29,  0,  0, 26,  0,  0
6, 11115, 3,N0CALL,     0.56, -59,   7,   -0.98,  99108.00,  186.20,   -0.17,    0.15, 15.6, 3.83, 3.83, 3.85,   0.14,  -2.82,  -9.39,  -0.06,   0.18,   0.24,   0.02,   0.45,  -0.38,  90.00, 3.86, 0.00, 0.00, 0.00, 0.00, 1, 1,  9,  42.6264293, -88.1593012,   234.0, 2025,  4,  5, 14,  8, 30,        3,        6, 288, -63,   1.6,   0.9,   1.2, 35, 31,  0,  0,  0,  0, 25, 32, 20,  0,  0,  0,  0, 25,  0,  0, 26,  0,  0,  0,  0, 20,  0,  0,  0,  0, 29,  0,  0, 26,  0,  0
6, 11115, 3,N0CALL,     1.00, -73,   7,   -0.98,  99108.00,  186.20,   -0.17,    0.15, 15.6, 3.83, 3.83, 3.85,   0.14,  -2.82,  -9.39,  -0.06,   0.18,   0.24,   0.02,   0.45,  -0.38,  90.00, 3.86, 0.00, 0.00, 0.00, 0.00, 1, 1,  9,  42.6264260, -88.1593020,   235.0, 2025,  4,  5, 14,  8, 31,        3,        5, 280, -57,   1.6,   0.9,   1.2, 31, 31,  0,  0,  0,  0, 34, 33, 17,  0,  0,  0,  0, 28,  0,  0, 26,  0,  0,  0,  0, 17,  0,  0,  0,  0, 35,  0,  0, 35,  0,  0
6, 11115, 3,N0CALL,     1.00, -72,   6,   -0.98,  99108.00,  186.20,   -0.17,    0.15, 15.6, 3.83, 3.83, 3.85,   0.14,  -2.82,  -9.39,  -0.06,   0.18,   0.24,   0.02,   0.45,  -0.38,  90.00, 3.86, 0.00, 0.00, 0.00, 0.00, 1, 1,  9,  42.6264260, -88.1593020,   235.0, 2025,  4,  5, 14,  8, 31,        3,        5, 280, -57,   1.6,   0.9,   1.2, 31, 31,  0,  0,  0,  0, 34, 33, 17,  0,  0,  0,  0, 28,  0,  0, 26,  0,  0,  0,  0, 17,  0,  0,  0,  0, 35,  0,  0, 35,  0,  0
6, 11115, 3,N0CALL,     1.54, -72,   7,   -0.98,  99106.00,  186.37,    0.00,    0.11, 15.6, 3.83, 3.83, 3.85,   0.13,  -2.87,  -9.43,   0.12,   0.12,   0.31,   0.02,   0.45,  -0.37,  90.00, 3.86, 0.00, 0.00, 0.00, 0.00, 1, 1,  9,  42.6264260, -88.1593020,   235.0, 2025,  4,  5, 14,  8, 31,        3,        5, 280, -57,   1.6,   0.9,   1.2, 31, 31,  0,  0,  0,  0, 34, 33, 17,  0,  0,  0,  0, 28,  0,  0, 26,  0,  0,  0,  0, 17,  0,  0,  0,  0, 35,  0,  0, 35,  0,  0
6, 11115, 3,N0CALL,     1.57, -73,   4,   -0.98,  99106.00,  186.37,    0.00,    0.11, 15.6, 3.83, 3.83, 3.85,   0.13,  -2.87,  -9.43,   0.12,   0.12,   0.31,   0.02,   0.45,  -0.37,  90.00, 3.87, 0.00, 0.00, 0.00, 0.00, 1, 1,  9,  42.6264260, -88.1593020,   235.0, 2025,  4,  5, 14,  8, 31,        3,        5, 280, -57,   1.6,   0.9,   1.2, 31, 31,  0,  0,  0,  0, 34, 33, 17,  0,  0,  0,  0, 28,  0,  0, 26,  0,  0,  0,  0, 17,  0,  0,  0,  0, 35,  0,  0, 35,  0,  0
6, 11115, 3,N0CALL,     2.00, -68,   5,   -0.98,  99106.00,  186.37,    0.00,    0.11, 15.6, 3.83, 3.83, 3.85,   0.13,  -2.87,  -9.43,   0.12,   0.12,   0.31,   0.02,   0.45,  -0.37,  90.00, 3.87, 0.00, 0.00, 0.00, 0.00, 1, 1,  9,  42.6264231, -88.1593022,   235.0, 2025,  4,  5, 14,  8, 32,        3,        5, 273, -58,   1.6,   0.9,   1.2, 30, 32,  0,  0,  0,  0, 34, 31, 16,  0,  0,  0,  0, 28,  0,  0, 26,  0,  0,  0,  0, 17,  0,  0,  0,  0, 37,  0,  0, 35,  0,  0
6, 11115, 3,N0CALL,     2.00, -66,   6,   -0.98,  99106.00,  186.37,    0.00,    0.11, 15.6, 3.83, 3.83, 3.85,   0.13,  -2.87,  -9.43,   0.12,   0.12,   0.31,   0.02,   0.45,  -0.37,  90.00, 3.87, 0.00, 0.00, 0.00, 0.00, 1, 1,  9,  42.6264231, -88.1593022,   235.0, 2025,  4,  5, 14,  8, 32,        3,        5, 273, -58,   1.6,   0.9,   1.2, 30, 32,  0,  0,  0,  0, 34, 31, 16,  0,  0,  0,  0, 28,  0,  0, 26,  0,  0,  0,  0, 17,  0,  0,  0,  0, 37,  0,  0, 35,  0,  0
6, 11115, 3,N0CALL,     2.55, -69,   7,    0.49,  99103.00,  186.63,    0.25,   -0.21, 15.6, 3.83, 3.83, 3.85,   0.14,  -2.84,  -9.38,   0.06,   0.00,   0.18,   0.02,   0.45,  -0.37,  91.00, 3.87, 0.00, 0.00, 0.00, 0.00, 1, 1,  9,  42.6264231, -88.1593022,   235.0, 2025,  4,  5, 14,  8, 32,        3,        5, 273, -58,   1.6,   0.9,   1.2, 30, 32,  0,  0,  0,  0, 34, 31, 16,  0,  0,  0,  0, 28,  0,  0, 26,  0,  0,  0,  0, 17,  0,  0,  0,  0, 37,  0,  0, 35,  0,  0
6, 11115, 3,N0CALL,     2.58, -71,   8,    0.49,  99103.00,  186.63,    0.25,   -0.21, 15.6, 3.83, 3.83, 3.85,   0.14,  -2.84,  -9.38,   0.06,   0.00,   0.18,   0.02,   0.45,  -0.37,  91.00, 3.87, 0.00, 0.00, 0.00, 0.00, 1, 1,  9,  42.6264231, -88.1593022,   235.0, 2025,  4,  5, 14,  8, 32,        3,        5, 273, -58,   1.6,   0.9,   1.2, 30, 32,  0,  0,  0,  0, 34, 31, 16,  0,  0,  0,  0, 28,  0,  0, 26,  0,  0,  0,  0, 17,  0,  0,  0,  0, 37,  0,  0, 35,  0,  0
6, 11115, 3,N0CALL,     3.00, -41,   4,    0.49,  99103.00,  186.63,    0.25,   -0.21, 15.6, 3.83, 3.83, 3.85,   0.14,  -2.84,  -9.38,   0.06,   0.00,   0.18,   0.02,   0.45,  -0.37,  91.00, 3.87, 0.00, 0.00, 0.00, 0.00, 1, 1,  9,  42.6264213, -88.1593026,   235.0, 2025,  4,  5, 14,  8, 33,        3,        5, 268, -57,   1.6,   0.9,   1.2, 31, 31,  0,  0,  0,  0, 34, 31, 17,  0,  0,  0,  0, 28,  0,  0, 27,  0,  0,  0,  0, 16,  0,  0,  0,  0, 36,  0,  0, 35,  0,  0
6, 11115, 3,N0CALL,     3.00, -40,   6,    0.49,  99103.00,  186.63,    0.25,   -0.21, 15.6, 3.83, 3.83, 3.85,   0.14,  -2.84,  -9.38,   0.06,   0.00,   0.18,   0.02,   0.45,  -0.37,  91.00, 3.87, 0.00, 0.00, 0.00, 0.00, 1, 1,  9,  42.6264213, -88.1593026,   235.0, 2025,  4,  5, 14,  8, 33,        3,        5, 268, -57,   1.6,   0.9,   1.2, 31, 31,  0,  0,  0,  0, 34, 31, 17,  0,  0,  0,  0, 28,  0,  0, 27,  0,  0,  0,  0, 16,  0,  0,  0,  0, 36,  0,  0, 35,  0,  0
6, 11115, 3,N0CALL,     3.00, -41,   6,    0.49,  99103.00,  186.63,    0.25,   -0.21, 15.6, 3.83, 3.83, 3.85,   0.14,  -2.84,  -9.38,   0.06,   0.00,   0.18,   0.02,   0.45,  -0.37,  91.00, 3.87, 0.00, 0.00, 0.00, 0.00, 1, 1,  9,  42.6264213, -88.1593026,   235.0, 2025,  4,  5, 14,  8, 33,        3,        5, 268, -57,   1.6,   0.9,   1.2, 31, 31,  0,  0,  0,  0, 34, 31, 17,  0,  0,  0,  0, 28,  0,  0, 27,  0,  0,  0,  0, 16,  0,  0,  0,  0, 36,  0,  0, 35,  0,  0
6, 11115, 3,N0CALL,     3.56, -40,   4,   -0.49,  99106.00,  186.37,    0.00,   -0.23, 15.6, 3.83, 3.83, 3.85,   0.14,  -2.80,  -9.42,   0.18,   0.12,   0.24,   0.02,   0.45,  -0.38,  91.00, 3.87, 0.00, 0.00, 0.00, 0.00, 1, 1,  9,  42.6264213, -88.1593026,   235.0, 2025,  4,  5, 14,  8, 33,        3,        5, 268, -57,   1.6,   0.9,   1.2, 31, 31,  0,  0,  0,  0, 34, 31, 17,  0,  0,  0,  0, 28,  0,  0, 27,  0,  0,  0,  0, 16,  0,  0,  0,  0, 36,  0,  0, 35,  0,  0
6, 11115, 3,N0CALL,     3.59, -40,   5,   -0.49,  99106.00,  186.37,    0.00,   -0.23, 15.6, 3.83, 3.83, 3.85,   0.14,  -2.80,  -9.42,   0.18,   0.12,   0.24,   0.02,   0.45,  -0.38,  91.00, 3.85, 0.00, 0.00, 0.00, 0.00, 1, 1,  9,  42.6264213, -88.1593026,   235.0, 2025,  4,  5, 14,  8, 33,        3,        5, 268, -57,   1.6,   0.9,   1.2, 31, 31,  0,  0,  0,  0, 34, 31, 17,  0,  0,  0,  0, 28,  0,  0, 27,  0,  0,  0,  0, 16,  0,  0,  0,  0, 36,  0,  0, 35,  0,  0
6, 11115, 3,N0CALL,     4.00, -46,   7,   -0.49,  99106.00,  186.37,    0.00,   -0.23, 15.6, 3.83, 3.83, 3.85,   0.14,  -2.80,  -9.42,   0.18,   0.12,   0.24,   0.02,   0.45,  -0.38,  91.00, 3.85, 0.00, 0.00, 0.00, 0.00, 1, 1,  9,  42.6264195, -88.1593035,   235.0, 2025,  4,  5, 14,  8, 34,        3,        5, 264, -56,   1.6,   0.9,   1.2, 31, 31,  0,  0,  0,  0, 34, 27, 17,  0,  0,  0,  0, 26,  0,  0, 27,  0,  0,  0,  0, 17,  0,  0,  0,  0, 36,  0,  0, 36,  0,  0
6, 11115, 3,N0CALL,     4.00, -44,   9,   -0.49,  99106.00,  186.37,    0.00,   -0.23, 15.6, 3.83, 3.83, 3.85,   0.14,  -2.80,  -9.42,   0.18,   0.12,   0.24,   0.02,   0.45,  -0.38,  91.00, 3.85, 0.00, 0.00, 0.00, 0.00, 1, 1,  9,  42.6264195, -88.1593035,   235.0, 2025,  4,  5, 14,  8, 34,        3,        5, 264, -56,   1.6,   0.9,   1.2, 31, 31,  0,  0,  0,  0, 34, 27, 17,  0,  0,  0,  0, 26,  0,  0, 27,  0,  0,  0,  0, 17,  0,  0,  0,  0, 36,  0,  0, 36,  0,  0
6, 11115, 3,N0CALL,     4.57, -51,   7,   -0.49,  99113.00,  185.78,   -0.59,    0.11, 15.6, 3.83, 3.83, 3.85,   0.14,  -2.83,  -9.41,   0.18,   0.12,   0.18,   0.02,   0.45,  -0.38,  91.00, 3.85, 0.00, 0.00, 0.00, 0.00, 1, 1,  9,  42.6264195, -88.1593035,   235.0, 2025,  4,  5, 14,  8, 34,        3,        5, 264, -56,   1.6,   0.9,   1.2, 31, 31,  0,  0,  0,  0, 34, 27, 17,  0,  0,  0,  0, 26,  0,  0, 27,  0,  0,  0,  0, 17,  0,  0,  0,  0, 36,  0,  0, 36,  0,  0
6, 11115, 3,N0CALL,     4.60, -49,   6,   -0.49,  99113.00,  185.78,   -0.59,    0.11, 15.6, 3.83, 3.83, 3.85,   0.14,  -2.83,  -9.41,   0.18,   0.12,   0.18,   0.02,   0.45,  -0.38,  91.00, 3.85, 0.00, 0.00, 0.00, 0.00, 1, 1,  9,  42.6264195, -88.1593035,   235.0, 2025,  4,  5, 14,  8, 34,        3,        5, 264, -56,   1.6,   0.9,   1.2, 31, 31,  0,  0,  0,  0, 34, 27, 17,  0,  0,  0,  0, 26,  0,  0, 27,  0,  0,  0,  0, 17,  0,  0,  0,  0, 36,  0,  0, 36,  0,  0
6, 11115, 3,N0CALL,     5.00, -41,   6,   -0.49,  99113.00,  185.78,   -0.59,    0.11, 15.6, 3.83, 3.83, 3.85,   0.14,  -2.83,  -9.41,   0.18,   0.12,   0.18,   0.02,   0.45,  -0.38,  91.00, 3.85, 0.00, 0.00, 0.00, 0.00, 1, 1,  8,  42.6264175, -88.1593034,   236.0, 2025,  4,  5, 14,  8, 35,        3,        4, 259, -48,   1.6,   1.0,   1.3, 30, 31,  0,  0,  0,  0, 34, 31, 17,  0,  0,  0,  0, 27,  0,  0, 26,  0,  0,  0,  0, 19,  0,  0,  0,  0, 36,  0,  0, 34,  0,  0
6, 11115, 3,N0CALL,     5.00, -42,   5,   -0.49,  99113.00,  185.78,   -0.59,    0.11, 15.6, 3.83, 3.83, 3.85,   0.14,  -2.83,  -9.41,   0.18,   0.12,   0.18,   0.02,   0.45,  -0.38,  91.00, 3.85, 0.00, 0.00, 0.00, 0.00, 1, 1,  8,  42.6264175, -88.1593034,   236.0, 2025,  4,  5, 14,  8, 35,        3,        4, 259, -48,   1.6,   1.0,   1.3, 30, 31,  0,  0,  0,  0, 34, 31, 17,  0,  0,  0,  0, 27,  0,  0, 26,  0,  0,  0,  0, 19,  0,  0,  0,  0, 36,  0,  0, 34,  0,  0
6, 11115, 3,N0CALL,     5.58, -39,   5,   -0.00,  99106.00,  186.37,    0.00,    0.06, 15.6, 3.83, 3.83, 3.85,   0.13,  -2.89,  -9.38,  -1.83,  -0.43,   0.67,   0.02,   0.45,  -0.38,  91.00, 3.85, 0.00, 0.00, 0.00, 0.00, 1, 1,  8,  42.6264175, -88.1593034,   236.0, 2025,  4,  5, 14,  8, 35,        3,        4, 259, -48,   1.6,   1.0,   1.3, 30, 31,  0,  0,  0,  0, 34, 31, 17,  0,  0,  0,  0, 27,  0,  0, 26,  0,  0,  0,  0, 19,  0,  0,  0,  0, 36,  0,  0, 34,  0,  0
6, 11115, 3,N0CALL,     5.61, -40,   7,   -0.00,  99106.00,  186.37,    0.00,    0.06, 15.6, 3.83, 3.83, 3.85,   0.13,  -2.89,  -9.38,  -1.83,  -0.43,   0.67,   0.02,   0.45,  -0.38,  91.00, 3.85, 0.00, 0.00, 0.00, 0.00, 1, 1,  8,  42.6264175, -88.1593034,   236.0, 2025,  4,  5, 14,  8, 35,        3,        4, 259, -48,   1.6,   1.0,   1.3, 30, 31,  0,  0,  0,  0, 34, 31, 17,  0,  0,  0,  0, 27,  0,  0, 26,  0,  0,  0,  0, 19,  0,  0,  0,  0, 36,  0,  0, 34,  0,  0
6, 11115, 3,N0CALL,     6.00, -46,   8,   -0.00,  99106.00,  186.37,    0.00,    0.06, 15.6, 3.83, 3.83, 3.85,   0.13,  -2.89,  -9.38,  -1.83,  -0.43,   0.67,   0.02,   0.45,  -0.38,  91.00, 3.85, 0.00, 0.00, 0.00, 0.00, 1, 1,  8,  42.6264172, -88.1593029,   236.0, 2025,  4,  5, 14,  8, 36,        3,        4, 258, -49,   1.6,   1.0,   1.3, 30, 31,  0,  0,  0,  0, 35, 27, 16,  0,  0,  0,  0, 28,  0,  0,  0,  0,  0,  0,  0, 19,  0,  0,  0,  0, 36,  0,  0, 35,  0,  0
6, 11115, 3,N0CALL,     6.00, -45,   8,   -0.00,  99106.00,  186.37,    0.00,    0.06, 15.6, 3.83, 3.83, 3.85,   0.13,  -2.89,  -9.38,  -1.83,  -0.43,   0.67,   0.02,   0.45,  -0.38,  91.00, 3.85, 0.00, 0.00, 0.00, 0.00, 1, 1,  8,  42.6264172, -88.1593029,   236.0, 2025,  4,  5, 14,  8, 36,        3,        4, 258, -49,   1.6,   1.0,   1.3, 30, 31,  0,  0,  0,  0, 35, 27, 16,  0,  0,  0,  0, 28,  0,  0,  0,  0,  0,  0,  0, 19,  0,  0,  0,  0, 36,  0,  0, 35,  0,  0
6, 11115, 3,N0CALL,     6.59, -46,   5,    0.49,  99109.00,  186.12,   -0.25,    0.15, 15.6, 3.83, 3.83, 3.85,   0.11,  -2.86,  -9.39,  -0.67,  -0.06,   0.12,   0.01,   0.45,  -0.38,  91.00, 3.85, 0.00, 0.00, 0.00, 0.00, 1, 1,  8,  42.6264172, -88.1593029,   236.0, 2025,  4,  5, 14,  8, 36,        3,        4, 258, -49,   1.6,   1.0,   1.3, 30, 31,  0,  0,  0,  0, 35, 27, 16,  0,  0,  0,  0, 28,  0,  0,  0,  0,  0,  0,  0, 19,  0,  0,  0,  0, 36,  0,  0, 35,  0,  0
6, 11115, 3,N0CALL,     6.62, -46,   8,    0.49,  99109.00,  186.12,   -0.25,    0.15, 15.6, 3.83, 3.83, 3.85,   0.11,  -2.86,  -9.39,  -0.67,  -0.06,   0.12,   0.01,   0.45,  -0.38,  91.00, 3.85, 0.00, 0.00, 0.00, 0.00, 1, 1,  8,  42.6264172, -88.1593029,   236.0, 2025,  4,  5, 14,  8, 36,        3,        4, 258, -49,   1.6,   1.0,   1.3, 30, 31,  0,  0,  0,  0, 35, 27, 16,  0,  0,  0,  0, 28,  0,  0,  0,  0,  0,  0,  0, 19,  0,  0,  0,  0, 36,  0,  0, 35,  0,  0
6, 11115, 3,N0CALL,     7.00, -46,   7,    0.49,  99109.00,  186.12,   -0.25,    0.15, 15.6, 3.83, 3.83, 3.85,   0.11,  -2.86,  -9.39,  -0.67,  -0.06,   0.12,   0.01,   0.45,  -0.38,  91.00, 3.85, 0.00, 0.00, 0.00, 0.00, 1, 1,  9,  42.6264185, -88.1592999,   236.0, 2025,  4,  5, 14,  8, 37,        2,        4, 261, -52,   1.6,   0.9,   1.2, 31, 32,  0,  0,  0,  0, 32, 28, 16,  0,  0,  0,  0, 29,  0,  0, 23,  0,  0,  0,  0, 18,  0,  0,  0,  0, 36,  0,  0, 35,  0,  0
6, 11115, 3,N0CALL,     7.00, -46,   8,    0.49,  99109.00,  186.12,   -0.25,    0.15, 15.6, 3.83, 3.83, 3.85,   0.11,  -2.86,  -9.39,  -0.67,  -0.06,   0.12,   0.01,   0.45,  -0.38,  91.00, 3.85, 0.00, 0.00, 0.00, 0.00, 1, 1,  9,  42.6264185, -88.1592999,   236.0, 2025,  4,  5, 14,  8, 37,        2,        4, 261, -52,   1.6,   0.9,   1.2, 31, 32,  0,  0,  0,  0, 32, 28, 16,  0,  0,  0,  0, 29,  0,  0, 23,  0,  0,  0,  0, 18,  0,  0,  0,  0, 36,  0,  0, 35,  0,  0
6, 11115, 3,N0CALL,     7.60, -45,   7,   -0.98,  99106.00,  186.37,    0.00,    0.28, 15.6, 3.83, 3.83, 3.85,   0.15,  -2.85,  -9.39,  -0.12,   0.24,   0.31,   0.02,   0.45,  -0.38,  91.00, 3.85, 0.00, 0.00, 0.00, 0.00, 1, 1,  9,  42.6264185, -88.1592999,   236.0, 2025,  4,  5, 14,  8, 37,        2,        4, 261, -52,   1.6,   0.9,   1.2, 31, 32,  0,  0,  0,  0, 32, 28, 16,  0,  0,  0,  0, 29,  0,  0, 23,  0,  0,  0,  0, 18,  0,  0,  0,  0, 36,  0,  0, 35,  0,  0
6, 11115, 3,N0CALL,     7.63, -46,   8,   -0.98,  99106.00,  186.37,    0.00,    0.28, 15.6, 3.83, 3.83, 3.85,   0.15,  -2.85,  -9.39,  -0.12,   0.24,   0.31,   0.02,   0.45,  -0.38,  91.00, 3.85, 0.00, 0.00, 0.00, 0.00, 1, 1,  9,  42.6264185, -88.1592999,   236.0, 2025,  4,  5, 14,  8, 37,        2,        4, 261, -52,   1.6,   0.9,   1.2, 31, 32,  0,  0,  0,  0, 32, 28, 16,  0,  0,  0,  0, 29,  0,  0, 23,  0,  0,  0,  0, 18,  0,  0,  0,  0, 36,  0,  0, 35,  0,  0
6, 11115, 3,N0CALL,     8.00, -62,  16,   -0.98,  99106.00,  186.37,    0.00,    0.28, 15.6, 3.83, 3.83, 3.85,   0.15,  -2.85,  -9.39,  -0.12,   0.24,   0.31,   0.02,   0.45,  -0.38,  91.00, 3.85, 0.00, 0.00, 0.00, 0.00, 1, 1,  9,  42.6264195, -88.1592985,   237.0, 2025,  4,  5, 14,  8, 38,        2,        3, 263, -42,   1.6,   0.9,   1.2, 31, 32,  0,  0,  0,  0, 32, 26, 16,  0,  0,  0,  0, 28,  0,  0, 24,  0,  0,  0,  0, 18,  0,  0,  0,  0, 36,  0,  0, 36,  0,  0
6, 11115, 3,N0CALL,     8.00, -63,   9,   -0.98,  99106.00,  186.37,    0.00,    0.28, 15.6, 3.83, 3.83, 3.85,   0.15,  -2.85,  -9.39,  -0.12,   0.24,   0.31,   0.02,   0.45,  -0.38,  91.00, 3.85, 0.00, 0.00, 0.00, 0.00, 1, 1,  9,  42.6264195, -88.1592985,   237.0, 2025,  4,  5, 14,  8, 38,        2,        3, 263, -42,   1.6,   0.9,   1.2, 31, 32,  0,  0,  0,  0, 32, 26, 16,  0,  0,  0,  0, 28,  0,  0, 24,  0,  0,  0,  0, 18,  0,  0,  0,  0, 36,  0,  0, 36,  0,  0
6, 11115, 3,N0CALL,     8.00, -63,  11,   -0.98,  99106.00,  186.37,    0.00,    0.28, 15.6, 3.83, 3.83, 3.85,   0.15,  -2.85,  -9.39,  -0.12,   0.24,   0.31,   0.02,   0.45,  -0.38,  91.00, 3.85, 0.00, 0.00, 0.00, 0.00, 1, 1,  9,  42.6264195, -88.1592985,   237.0, 2025,  4,  5, 14,  8, 38,        2,        3, 263, -42,   1.6,   0.9,   1.2, 31, 32,  0,  0,  0,  0, 32, 26, 16,  0,  0,  0,  0, 28,  0,  0, 24,  0,  0,  0,  0, 18,  0,  0,  0,  0, 36,  0,  0, 36,  0,  0
6, 11115, 3,N0CALL,     8.61, -60,   6,    1.47,  99102.00,  186.71,    0.34,   -0.07, 15.6, 3.83, 3.83, 3.85,   0.14,  -2.86,  -9.41,   0.49,   0.12,   0.24,   0.01,   0.45,  -0.38,  91.00, 3.85, 0.00, 0.00, 0.00, 0.00, 1, 1,  9,  42.6264195, -88.1592985,   237.0, 2025,  4,  5, 14,  8, 38,        2,        3, 263, -42,   1.6,   0.9,   1.2, 31, 32,  0,  0,  0,  0, 32, 26, 16,  0,  0,  0,  0, 28,  0,  0, 24,  0,  0,  0,  0, 18,  0,  0,  0,  0, 36,  0,  0, 36,  0,  0
6, 11115, 3,N0CALL,     8.64, -60,   9,    1.47,  99102.00,  186.71,    0.34,   -0.07, 15.6, 3.83, 3.83, 3.84,   0.14,  -2.86,  -9.41,   0.49,   0.12,   0.24,   0.01,   0.45,  -0.38,  91.00, 3.87, 0.00, 0.00, 0.00, 0.00, 1, 1,  9,  42.6264195, -88.1592985,   237.0, 2025,  4,  5, 14,  8, 38,        2,        3, 263, -42,   1.6,   0.9,   1.2, 31, 32,  0,  0,  0,  0, 32, 26, 16,  0,  0,  0,  0, 28,  0,  0, 24,  0,  0,  0,  0, 18,  0,  0,  0,  0, 36,  0,  0, 36,  0,  0
6, 11115, 3,N0CALL,     9.00, -51,   5,    1.47,  99102.00,  186.71,    0.34,   -0.07, 15.6, 3.83, 3.83, 3.84,   0.14,  -2.86,  -9.41,   0.49,   0.12,   0.24,   0.01,   0.45,  -0.38,  91.00, 3.87, 0.00, 0.00, 0.00, 0.00, 1, 1,  9,  42.6264211, -88.1592925,   238.0, 2025,  4,  5, 14,  8, 39,        2,        2, 267, -30,   1.6,   0.9,   1.2, 31, 33,  0,  0,  0,  0, 32, 26, 15,  0,  0,  0,  0, 28,  0,  0, 26,  0,  0,  0,  0, 17,  0,  0,  0,  0, 36,  0,  0, 37,  0,  0
6, 11115, 3,N0CALL,     9.00, -51,   6,    1.47,  99102.00,  186.71,    0.34,   -0.07, 15.6, 3.83, 3.83, 3.84,   0.14,  -2.86,  -9.41,   0.49,   0.12,   0.24,   0.01,   0.45,  -0.38,  91.00, 3.87, 0.00, 0.00, 0.00, 0.00, 1, 1,  9,  42.6264211, -88.1592925,   238.0, 2025,  4,  5, 14,  8, 39,        2,        2, 267, -30,   1.6,   0.9,   1.2, 31, 33,  0,  0,  0,  0, 32, 26, 15,  0,  0,  0,  0, 28,  0,  0, 26,  0,  0,  0,  0, 17,  0,  0,  0,  0, 36,  0,  0, 37,  0,  0
6, 11115, 3,N0CALL,     9.62, -49,   8,    0.49,  99100.00,  186.88,    0.51,   -0.53, 15.6, 3.83, 3.83, 3.84,   0.14,  -2.85,  -9.40,  -0.06,   0.49,   0.37,   0.02,   0.45,  -0.38,  91.00, 3.87, 0.00, 0.00, 0.00, 0.00, 1, 1,  9,  42.6264211, -88.1592925,   238.0, 2025,  4,  5, 14,  8, 39,        2,        2, 267, -30,   1.6,   0.9,   1.2, 31, 33,  0,  0,  0,  0, 32, 26, 15,  0,  0,  0,  0, 28,  0,  0, 26,  0,  0,  0,  0, 17,  0,  0,  0,  0, 36,  0,  0, 37,  0,  0
6, 11115, 3,N0CALL,     9.65, -51,  11,    0.49,  99100.00,  186.88,    0.51,   -0.53, 15.6, 3.83, 3.83, 3.85,   0.14,  -2.85,  -9.40,  -0.06,   0.49,   0.37,   0.02,   0.45,  -0.38,  91.00, 3.86, 0.00, 0.00, 0.00, 0.00, 1, 1,  9,  42.6264211, -88.1592925,   238.0, 2025,  4,  5, 14,  8, 39,        2,        2, 267, -30,   1.6,   0.9,   1.2, 31, 33,  0,  0,  0,  0, 32, 26, 15,  0,  0,  0,  0, 28,  0,  0, 26,  0,  0,  0,  0, 17,  0,  0,  0,  0, 36,  0,  0, 37,  0,  0
6, 11115, 3,N0CALL,    10.00, -51,   7,    0.49,  99100.00,  186.88,    0.51,   -0.53, 15.6, 3.83, 3.83, 3.85,   0.14,  -2.85,  -9.40,  -0.06,   0.49,   0.37,   0.02,   0.45,  -0.38,  91.00, 3.86, 0.00, 0.00, 0.00, 0.00, 1, 1,  9,  42.6264204, -88.1592911,   238.0, 2025,  4,  5, 14,  8, 40,        2,        2, 264, -32,   1.6,   0.9,   1.2, 32, 29,  0,  0,  0,  0, 33, 32, 16,  0,  0,  0,  0, 29,  0,  0, 26,  0,  0,  0,  0, 18,  0,  0,  0,  0, 36,  0,  0, 37,  0,  0
6, 11115, 3,N0CALL,    10.00, -51,   6,    0.49,  99100.00,  186.88,    0.51,   -0.53, 15.6, 3.83, 3.83, 3.85,   0.14,  -2.85,  -9.40,  -0.06,   0.49,   0.37,   0.02,   0.45,  -0.38,  91.00, 3.86, 0.00, 0.00, 0.00, 0.00, 1, 1,  9,  42.6264204, -88.1592911,   238.0, 2025,  4,  5, 14,  8, 40,        2,        2, 264, -32,   1.6,   0.9,   1.2, 32, 29,  0,  0,  0,  0, 33, 32, 16,  0,  0,  0,  0, 29,  0,  0, 26,  0,  0,  0,  0, 18,  0,  0,  0,  0, 36,  0,  0, 37,  0,  0
6, 11115, 3,N0CALL,    10.63, -52,   7,   -0.00,  99112.00,  185.87,   -0.51,   -0.23, 15.6, 3.83, 3.83, 3.85,   0.16,  -2.84,  -9.41,   0.06,   0.24,   0.37,   0.02,   0.45,  -0.38,  90.00, 3.86, 0.00, 0.00, 0.00, 0.00, 1, 1,  9,  42.6264204, -88.1592911,   238.0, 2025,  4,  5, 14,  8, 40,        2,        2, 264, -32,   1.6,   0.9,   1.2, 32, 29,  0,  0,  0,  0, 33, 32, 16,  0,  0,  0,  0, 29,  0,  0, 26,  0,  0,  0,  0, 18,  0,  0,  0,  0, 36,  0,  0, 37,  0,  0
6, 11115, 3,N0CALL,    10.66, -52,   7,   -0.00,  99112.00,  185.87,   -0.51,   -0.23, 15.6, 3.83, 3.83, 3.85,   0.16,  -2.84,  -9.41,   0.06,   0.24,   0.37,   0.02,   0.45,  -0.38,  90.00, 3.86, 0.00, 0.00, 0.00, 0.00, 1, 1,  9,  42.6264204, -88.1592911,   238.0, 2025,  4,  5, 14,  8, 40,        2,        2, 264, -32,   1.6,   0.9,   1.2, 32, 29,  0,  0,  0,  0, 33, 32, 16,  0,  0,  0,  0, 29,  0,  0, 26,  0,  0,  0,  0, 18,  0,  0,  0,  0, 36,  0,  0, 37,  0,  0
6, 11115, 3,N0CALL,    11.00, -44,   5,   -0.00,  99112.00,  185.87,   -0.51,   -0.23, 15.6, 3.83, 3.83, 3.85,   0.16,  -2.84,  -9.41,   0.06,   0.24,   0.37,   0.02,   0.45,  -0.38,  90.00, 3.86, 0.00, 0.00, 0.00, 0.00, 1, 1,  9,  42.6264194, -88.1592887,   238.0, 2025,  4,  5, 14,  8, 41,        1,        2, 259, -35,   1.6,   0.9,   1.2, 32, 32,  0,  0,  0,  0, 32, 31, 16,  0,  0,  0,  0, 29,  0,  0, 25,  0,  0,  0,  0, 16,  0,  0,  0,  0, 36,  0,  0, 35,  0,  0
6, 11115, 3,N0CALL,    11.00, -43,   6,   -0.00,  99112.00,  185.87,   -0.51,   -0.23, 15.6, 3.83, 3.83, 3.85,   0.16,  -2.84,  -9.41,   0.06,   0.24,   0.37,   0.02,   0.45,  -0.38,  90.00, 3.86, 0.00, 0.00, 0.00, 0.00, 1, 1,  9,  42.6264194, -88.1592887,   238.0, 2025,  4,  5, 14,  8, 41,        1,        2, 259, -35,   1.6,   0.9,   1.2, 32, 32,  0,  0,  0,  0, 32, 31, 16,  0,  0,  0,  0, 29,  0,  0, 25,  0,  0,  0,  0, 16,  0,  0,  0,  0, 36,  0,  0, 35,  0,  0
6, 11115, 3,N0CALL,    11.64, -44,   7,   -1.96,  99114.00,  185.70,   -0.68,    0.14, 15.6, 3.83, 3.83, 3.85,   0.17,  -2.82,  -9.43,   1.04,   0.24,   0.18,   0.02,   0.45,  -0.38,  90.00, 3.86, 0.00, 0.00, 0.00, 0.00, 1, 1,  9,  42.6264194, -88.1592887,   238.0, 2025,  4,  5, 14,  8, 41,        1,        2, 259, -35,   1.6,   0.9,   1.2, 32, 32,  0,  0,  0,  0, 32, 31, 16,  0,  0,  0,  0, 29,  0,  0, 25,  0,  0,  0,  0, 16,  0,  0,  0,  0, 36,  0,  0, 35,  0,  0
6, 11115, 3,N0CALL,    11.67, -44,   6,   -1.96,  99114.00,  185.70,   -0.68,    0.14, 15.6, 3.83, 3.83, 3.85,   0.17,  -2.82,  -9.43,   1.04,   0.24,   0.18,   0.02,   0.45,  -0.38,  90.00, 3.85, 0.00, 0.00, 0.00, 0.00, 1, 1,  9,  42.6264194, -88.1592887,   238.0, 2025,  4,  5, 14,  8, 41,        1,        2, 259, -35,   1.6,   0.9,   1.2, 32, 32,  0,  0,  0,  0, 32, 31, 16,  0,  0,  0,  0, 29,  0,  0, 25,  0,  0,  0,  0, 16,  0,  0,  0,  0, 36,  0,  0, 35,  0,  0
6, 11115, 3,N0CALL,    12.00, -55,   5,   -1.96,  99114.00,  185.70,   -0.68,    0.14, 15.6, 3.83, 3.83, 3.85,   0.17,  -2.82,  -9.43,   1.04,   0.24,   0.18,   0.02,   0.45,  -0.38,  90.00, 3.85, 0.00, 0.00, 0.00, 0.00, 1, 1,  9,  42.6264195, -88.1592869,   238.0, 2025,  4,  5, 14,  8, 42,        1,        2, 258, -37,   1.6,   0.9,   1.2, 33, 31,  0,  0,  0,  0, 34, 31, 16,  0,  0,  0,  0, 30,  0,  0, 24,  0,  0,  0,  0, 16,  0,  0,  0,  0, 35,  0,  0, 35,  0,  0
6, 11115, 3,N0CALL,    12.00, -55,   6,   -1.96,  99114.00,  185.70,   -0.68,    0.14, 15.6, 3.83, 3.83, 3.85,   0.17,  -2.82,  -9.43,   1.04,   0.24,   0.18,   0.02,   0.45,  -0.38,  90.00, 3.85, 0.00, 0.00, 0.00, 0.00, 1, 1,  9,  42.6264195, -88.1592869,   238.0, 2025,  4,  5, 14,  8, 42,        1,        2, 258, -37,   1.6,   0.9,   1.2, 33, 31,  0,  0,  0,  0, 34, 31, 16,  0,  0,  0,  0, 30,  0,  0, 24,  0,  0,  0,  0, 16,  0,  0,  0,  0, 35,  0,  0, 35,  0,  0
6, 11115, 3,N0CALL,    12.65, -55,   6,   -0.00,  99109.00,  186.12,   -0.25,   -0.01, 15.6, 3.83, 3.83, 3.85,   0.12,  -2.82,  -9.40,   0.24,   0.49,   0.31,   0.02,   0.45,  -0.38,  90.00, 3.85, 0.00, 0.00, 0.00, 0.00, 1, 1,  9,  42.6264195, -88.1592869,   238.0, 2025,  4,  5, 14,  8, 42,        1,        2, 258, -37,   1.6,   0.9,   1.2, 33, 31,  0,  0,  0,  0, 34, 31, 16,  0,  0,  0,  0, 30,  0,  0, 24,  0,  0,  0,  0, 16,  0,  0,  0,  0, 35,  0,  0, 35,  0,  0
6, 11115, 3,N0CALL,    12.68, -55,   8,   -0.00,  99109.00,  186.12,   -0.25,   -0.01, 15.6, 3.83, 3.83, 3.84,   0.12,  -2.82,  -9.40,   0.24,   0.49,   0.31,   0.02,   0.45,  -0.38,  90.00, 3.86, 0.00, 0.00, 0.00, 0.00, 1, 1,  9,  42.6264195, -88.1592869,   238.0, 2025,  4,  5, 14,  8, 42,        1,        2, 258, -37,   1.6,   0.9,   1.2, 33, 31,  0,  0,  0,  0, 34, 31, 16,  0,  0,  0,  0, 30,  0,  0, 24,  0,  0,  0,  0, 16,  0,  0,  0,  0, 35,  0,  0, 35,  0,  0
6, 11115, 3,N0CALL,    13.00, -48,   6,   -0.00,  99109.00,  186.12,   -0.25,   -0.01, 15.6, 3.83, 3.83, 3.84,   0.12,  -2.82,  -9.40,   0.24,   0.49,   0.31,   0.02,   0.45,  -0.38,  90.00, 3.86, 0.00, 0.00, 0.00, 0.00, 1, 1,  9,  42.6264195, -88.1592869,   238.0, 2025,  4,  5, 14,  8, 42,        1,        2, 258, -37,   1.6,   0.9,   1.2, 33, 31,  0,  0,  0,  0, 34, 31, 18,  0,  0,  0,  0, 29,  0,  0, 21,  0,  0,  0,  0, 14,  0,  0,  0,  0, 35,  0,  0, 35,  0,  0
6, 11115, 3,N0CALL,    13.00, -48,   8,   -0.00,  99109.00,  186.12,   -0.25,   -0.01, 15.6, 3.83, 3.83, 3.84,   0.12,  -2.82,  -9.40,   0.24,   0.49,   0.31,   0.02,   0.45,  -0.38,  90.00, 3.86, 0.00, 0.00, 0.00, 0.00, 1, 1,  9,  42.6264195, -88.1592869,   238.0, 2025,  4,  5, 14,  8, 42,        1,        2, 258, -37,   1.6,   0.9,   1.2, 33, 31,  0,  0,  0,  0, 34, 31, 18,  0,  0,  0,  0, 29,  0,  0, 21,  0,  0,  0,  0, 14,  0,  0,  0,  0, 35,  0,  0, 35,  0,  0
6, 11115, 3,N0CALL,    13.66, -48,   9,   -1.96,  99111.00,  185.95,   -0.42,    0.05, 15.6, 3.83, 3.83, 3.84,   0.09,  -2.87,  -9.43,  -0.06,   0.37,   0.55,   0.02,   0.45,  -0.38,  90.00, 3.86, 0.00, 0.00, 0.00, 0.00, 1, 1,  9,  42.6264195, -88.1592869,   238.0, 2025,  4,  5, 14,  8, 42,        1,        2, 258, -37,   1.6,   0.9,   1.2, 33, 31,  0,  0,  0,  0, 34, 31, 18,  0,  0,  0,  0, 29,  0,  0, 21,  0,  0,  0,  0, 14,  0,  0,  0,  0, 35,  0,  0, 35,  0,  0
6, 11115, 3,N0CALL,    13.69, -48,   6,   -1.96,  99111.00,  185.95,   -0.42,    0.05, 15.6, 3.83, 3.83, 3.85,   0.09,  -2.87,  -9.43,  -0.06,   0.37,   0.55,   0.02,   0.45,  -0.38,  90.00, 3.85, 0.00, 0.00, 0.00, 0.00, 1, 1,  9,  42.6264195, -88.1592869,   238.0, 2025,  4,  5, 14,  8, 42,        1,        2, 258, -37,   1.6,   0.9,   1.2, 33, 31,  0,  0,  0,  0, 34, 31, 18,  0,  0,  0,  0, 29,  0,  0, 21,  0,  0,  0,  0, 14,  0,  0,  0,  0, 35,  0,  0, 35,  0,  0
6, 11115, 3,N0CALL,    14.00, -58,   6,   -1.96,  99111.00,  185.95,   -0.42,    0.05, 15.6, 3.83, 3.83, 3.85,   0.09,  -2.87,  -9.43,  -0.06,   0.37,   0.55,   0.02,   0.45,  -0.38,  90.00, 3.85, 0.00, 0.00, 0.00, 0.00, 1, 1,  9,  42.6264215, -88.1592828,   239.0, 2025,  4,  5, 14,  8, 44,        1,        1, 267,   0,   1.6,   0.9,   1.2, 33, 31,  0,  0,  0,  0, 34, 31, 18,  0,  0,  0,  0, 29,  0,  0, 21,  0,  0,  0,  0, 14,  0,  0,  0,  0, 35,  0,  0, 35,  0,  0
6, 11115, 3,N0CALL,    14.00, -57,   5,   -1.96,  99111.00,  185.95,   -0.42,    0.05, 15.6, 3.83, 3.83, 3.85,   0.09,  -2.87,  -9.43,  -0.06,   0.37,   0.55,   0.02,   0.45,  -0.38,  90.00, 3.85, 0.00, 0.00, 0.00, 0.00, 1, 1,  9,  42.6264215, -88.1592828,   239.0, 2025,  4,  5, 14,  8, 44,        1,        1, 267,   0,   1.6,   0.9,   1.2, 33, 31,  0,  0,  0,  0, 34, 31, 18,  0,  0,  0,  0, 29,  0,  0, 21,  0,  0,  0,  0, 14,  0,  0,  0,  0, 35,  0,  0, 35,  0,  0
6, 11115, 3,N0CALL,    14.67, -60,   5,   -0.00,  99112.00,  185.87,   -0.51,    0.51, 15.6, 3.83, 3.83, 3.85,   0.16,  -2.85,  -9.40,   0.24,   0.24,   0.43,   0.02,   0.45,  -0.38,  90.00, 3.85, 0.00, 0.00, 0.00, 0.00, 1, 1,  9,  42.6264215, -88.1592828,   239.0, 2025,  4,  5, 14,  8, 44,        1,        1, 267,   0,   1.6,   0.9,   1.2, 33, 31,  0,  0,  0,  0, 34, 31, 18,  0,  0,  0,  0, 29,  0,  0, 21,  0,  0,  0,  0, 14,  0,  0,  0,  0, 35,  0,  0, 35,  0,  0
6, 11115, 3,N0CALL,    14.70, -59,  11,   -0.00,  99112.00,  185.87,   -0.51,    0.51, 15.6, 3.83, 3.83, 3.85,   0.16,  -2.85,  -9.40,   0.24,   0.24,   0.43,   0.02,   0.45,  -0.38,  90.00, 3.85, 0.00, 0.00, 0.00, 0.00, 1, 1,  9,  42.6264215, -88.1592828,   239.0, 2025,  4,  5, 14,  8, 44,        1,        1, 267,   0,   1.6,   0.9,   1.2, 33, 31,  0,  0,  0,  0, 34, 31, 18,  0,  0,  0,  0, 29,  0,  0, 21,  0,  0,  0,  0, 14,  0,  0,  0,  0, 35,  0,  0, 35,  0,  0
6, 11115, 3,N0CALL,    15.00, -57,   6,   -0.00,  99112.00,  185.87,   -0.51,    0.51, 15.6, 3.83, 3.83, 3.85,   0.16,  -2.85,  -9.40,   0.24,   0.24,   0.43,   0.02,   0.45,  -0.38,  90.00, 3.85, 0.00, 0.00, 0.00, 0.00, 1, 1,  9,  42.6264228, -88.1592811,   239.0, 2025,  4,  5, 14,  8, 45,        1,        1, 276,   0,   1.6,   0.9,   1.2, 33, 32,  0,  0,  0,  0, 35, 30, 19,  0,  0,  0,  0, 30,  0,  0, 20,  0,  0,  0,  0, 12,  0,  0,  0,  0, 35,  0,  0, 34,  0,  0
6, 11115, 3,N0CALL,    15.00, -56,   8,   -0.00,  99112.00,  185.87,   -0.51,    0.51, 15.6, 3.83, 3.83, 3.85,   0.16,  -2.85,  -9.40,   0.24,   0.24,   0.43,   0.02,   0.45,  -0.38,  90.00, 3.85, 0.00, 0.00, 0.00, 0.00, 1, 1,  9,  42.6264228, -88.1592811,   239.0, 2025,  4,  5, 14,  8, 45,        1,        1, 276,   0,   1.6,   0.9,   1.2, 33, 32,  0,  0,  0,  0, 35, 30, 19,  0,  0,  0,  0, 30,  0,  0, 20,  0,  0,  0,  0, 12,  0,  0,  0,  0, 35,  0,  0, 34,  0,  0
6, 11115, 3,N0CALL,    15.68, -56,  14,   -0.00,  99105.00,  186.46,    0.08,    0.39, 15.6, 3.83, 3.83, 3.85,   0.18,  -2.51,  -9.33,   7.93,   0.18,   0.43,   0.02,   0.44,  -0.38,  90.00, 3.85, 0.00, 0.00, 0.00, 0.00, 1, 1,  9,  42.6264228, -88.1592811,   239.0, 2025,  4,  5, 14,  8, 45,        1,        1, 276,   0,   1.6,   0.9,   1.2, 33, 32,  0,  0,  0,  0, 35, 30, 19,  0,  0,  0,  0, 30,  0,  0, 20,  0,  0,  0,  0, 12,  0,  0,  0,  0, 35,  0,  0, 34,  0,  0
6, 11115, 3,N0CALL,    15.71, -57,   8,   -0.00,  99105.00,  186.46,    0.08,    0.39, 15.6, 3.83, 3.83, 3.85,   0.18,  -2.51,  -9.33,   7.93,   0.18,   0.43,   0.02,   0.44,  -0.38,  90.00, 3.85, 0.00, 0.00, 0.00, 0.00, 1, 1,  9,  42.6264228, -88.1592811,   239.0, 2025,  4,  5, 14,  8, 45,        1,        1, 276,   0,   1.6,   0.9,   1.2, 33, 32,  0,  0,  0,  0, 35, 30, 19,  0,  0,  0,  0, 30,  0,  0, 20,  0,  0,  0,  0, 12,  0,  0,  0,  0, 35,  0,  0, 34,  0,  0
6, 11115, 3,N0CALL,    16.00, -60,   6,   -0.00,  99105.00,  186.46,    0.08,    0.39, 15.6, 3.83, 3.83, 3.85,   0.18,  -2.51,  -9.33,   7.93,   0.18,   0.43,   0.02,   0.44,  -0.38,  90.00, 3.85, 0.00, 0.00, 0.00, 0.00, 1, 1,  9,  42.6264255, -88.1592800,   240.0, 2025,  4,  5, 14,  8, 46,        1,        1, 299,  51,   1.6,   0.9,   1.2, 32, 29,  0,  0,  0,  0, 34, 29, 17,  0,  0,  0,  0, 29,  0,  0, 21,  0,  0,  0,  0,  0,  0,  0,  0,  0, 35,  0,  0, 34,  0,  0
6, 11115, 3,N0CALL,    16.00, -62,  12,   -0.00,  99105.00,  186.46,    0.08,    0.39, 15.6, 3.83, 3.83, 3.85,   0.18,  -2.51,  -9.33,   7.93,   0.18,   0.43,   0.02,   0.44,  -0.38,  90.00, 3.85, 0.00, 0.00, 0.00, 0.00, 1, 1,  9,  42.6264255, -88.1592800,   240.0, 2025,  4,  5, 14,  8, 46,        1,        1, 299,  51,   1.6,   0.9,   1.2, 32, 29,  0,  0,  0,  0, 34, 29, 17,  0,  0,  0,  0, 29,  0,  0, 21,  0,  0,  0,  0,  0,  0,  0,  0,  0, 35,  0,  0, 34,  0,  0
6, 11115, 3,N0CALL,    16.69, -58,   6,   -0.00,  99094.00,  187.39,    1.02,   -0.22, 15.6, 3.83, 3.83, 3.85,   0.21,  -4.22,  -8.87,   7.51,   1.04,   0.73,   0.01,   0.52,  -0.37,  90.00, 3.85, 0.00, 0.00, 0.00, 0.00, 1, 1,  9,  42.6264255, -88.1592800,   240.0, 2025,  4,  5, 14,  8, 46,        1,        1, 299,  51,   1.6,   0.9,   1.2, 32, 29,  0,  0,  0,  0, 34, 29, 17,  0,  0,  0,  0, 29,  0,  0, 21,  0,  0,  0,  0,  0,  0,  0,  0,  0, 35,  0,  0, 34,  0,  0
6, 11115, 3,N0CALL,    16.72, -58,   7,   -0.00,  99094.00,  187.39,    1.02,   -0.22, 15.6, 3.83, 3.83, 3.84,   0.21,  -4.22,  -8.87,   7.51,   1.04,   0.73,   0.01,   0.52,  -0.37,  90.00, 3.86, 0.00, 0.00, 0.00, 0.00, 1, 1,  9,  42.6264255, -88.1592800,   240.0, 2025,  4,  5, 14,  8, 46,        1,        1, 299,  51,   1.6,   0.9,   1.2, 32, 29,  0,  0,  0,  0, 34, 29, 17,  0,  0,  0,  0, 29,  0,  0, 21,  0,  0,  0,  0,  0,  0,  0,  0,  0, 35,  0,  0, 34,  0,  0
6, 11115, 3,N0CALL,    17.00, -52,   7,   -0.00,  99094.00,  187.39,    1.02,   -0.22, 15.6, 3.83, 3.83, 3.84,   0.21,  -4.22,  -8.87,   7.51,   1.04,   0.73,   0.01,   0.52,  -0.37,  90.00, 3.86, 0.00, 0.00, 0.00, 0.00, 1, 1,  9,  42.6264274, -88.1592822,   240.0, 2025,  4,  5, 14,  8, 47,        1,        1, 304,  43,   1.6,   0.9,   1.2, 32, 30,  0,  0,  0,  0, 29, 34, 16,  0,  0,  0,  0, 15,  0,  0, 22,  0,  0,  0,  0,  0,  0,  0,  0,  0, 35,  0,  0, 25,  0,  0
6, 11115, 3,N0CALL,    17.00, -52,   4,   -0.00,  99094.00,  187.39,    1.02,   -0.22, 15.6, 3.83, 3.83, 3.84,   0.21,  -4.22,  -8.87,   7.51,   1.04,   0.73,   0.01,   0.52,  -0.37,  90.00, 3.86, 0.00, 0.00, 0.00, 0.00, 1, 1,  9,  42.6264274, -88.1592822,   240.0, 2025,  4,  5, 14,  8, 47,        1,        1, 304,  43,   1.6,   0.9,   1.2, 32, 30,  0,  0,  0,  0, 29, 34, 16,  0,  0,  0,  0, 15,  0,  0, 22,  0,  0,  0,  0,  0,  0,  0,  0,  0, 35,  0,  0, 25,  0,  0
6, 11115, 3,N0CALL,    17.70, -52,   7,    0.98,  99106.00,  186.37,    0.00,   -0.08, 15.6, 3.83, 3.83, 3.84,   0.29,  -4.87,  -8.46, -26.49,  -0.61,   0.12,   0.02,   0.57,  -0.35,  90.00, 3.86, 0.00, 0.00, 0.00, 0.00, 1, 1,  9,  42.6264274, -88.1592822,   240.0, 2025,  4,  5, 14,  8, 47,        1,        1, 304,  43,   1.6,   0.9,   1.2, 32, 30,  0,  0,  0,  0, 29, 34, 16,  0,  0,  0,  0, 15,  0,  0, 22,  0,  0,  0,  0,  0,  0,  0,  0,  0, 35,  0,  0, 25,  0,  0
6, 11115, 3,N0CALL,    17.73, -52,   6,    0.98,  99106.00,  186.37,    0.00,   -0.08, 15.6, 3.83, 3.83, 3.85,   0.29,  -4.87,  -8.46, -26.49,  -0.61,   0.12,   0.02,   0.57,  -0.35,  90.00, 3.87, 0.00, 0.00, 0.00, 0.00, 1, 1,  9,  42.6264274, -88.1592822,   240.0, 2025,  4,  5, 14,  8, 47,        1,        1, 304,  43,   1.6,   0.9,   1.2, 32, 30,  0,  0,  0,  0, 29, 34, 16,  0,  0,  0,  0, 15,  0,  0, 22,  0,  0,  0,  0,  0,  0,  0,  0,  0, 35,  0,  0, 25,  0,  0
6, 11115, 3,N0CALL,    18.00, -43,   6,    0.98,  99106.00,  186.37,    0.00,   -0.08, 15.6, 3.83, 3.83, 3.85,   0.29,  -4.87,  -8.46, -26.49,  -0.61,   0.12,   0.02,   0.57,  -0.35,  90.00, 3.87, 0.00, 0.00, 0.00, 0.00, 1, 1,  9,  42.6264277, -88.1592849,   240.0, 2025,  4,  5, 14,  8, 48,        1,        2, 300,  38,   1.6,   0.9,   1.2, 31, 30,  0,  0,  0,  0, 30, 31, 16,  0,  0,  0,  0, 16,  0,  0, 22,  0,  0,  0,  0,  0,  0,  0,  0,  0, 32,  0,  0, 25,  0,  0
6, 11115, 3,N0CALL,    18.00, -44,   5,    0.98,  99106.00,  186.37,    0.00,   -0.08, 15.6, 3.83, 3.83, 3.85,   0.29,  -4.87,  -8.46, -26.49,  -0.61,   0.12,   0.02,   0.57,  -0.35,  90.00, 3.87, 0.00, 0.00, 0.00, 0.00, 1, 1,  9,  42.6264277, -88.1592849,   240.0, 2025,  4,  5, 14,  8, 48,        1,        2, 300,  38,   1.6,   0.9,   1.2, 31, 30,  0,  0,  0,  0, 30, 31, 16,  0,  0,  0,  0, 16,  0,  0, 22,  0,  0,  0,  0,  0,  0,  0,  0,  0, 32,  0,  0, 25,  0,  0
6, 11115, 3,N0CALL,    18.00, -44,  11,    0.98,  99106.00,  186.37,    0.00,   -0.08, 15.6, 3.83, 3.83, 3.85,   0.29,  -4.87,  -8.46, -26.49,  -0.61,   0.12,   0.02,   0.57,  -0.35,  90.00, 3.87, 0.00, 0.00, 0.00, 0.00, 1, 1,  9,  42.6264277, -88.1592849,   240.0, 2025,  4,  5, 14,  8, 48,        1,        2, 300,  38,   1.6,   0.9,   1.2, 31, 30,  0,  0,  0,  0, 30, 31, 16,  0,  0,  0,  0, 16,  0,  0, 22,  0,  0,  0,  0,  0,  0,  0,  0,  0, 32,  0,  0, 25,  0,  0
6, 11115, 3,N0CALL,    18.71, -43,   5,   -0.00,  99101.00,  186.80,    0.42,   -0.09, 15.6, 3.83, 3.83, 3.85,   0.24,  -3.38,  -9.04,  -5.31,  -0.12,   0.31,   0.02,   0.50,  -0.36,  90.00, 3.87, 0.00, 0.00, 0.00, 0.00, 1, 1,  9,  42.6264277, -88.1592849,   240.0, 2025,  4,  5, 14,  8, 48,        1,        2, 300,  38,   1.6,   0.9,   1.2, 31, 30,  0,  0,  0,  0, 30, 31, 16,  0,  0,  0,  0, 16,  0,  0, 22,  0,  0,  0,  0,  0,  0,  0,  0,  0, 32,  0,  0, 25,  0,  0
6, 11115, 3,N0CALL,    18.74, -43,   7,   -0.00,  99101.00,  186.80,    0.42,   -0.09, 15.6, 3.83, 3.83, 3.85,   0.24,  -3.38,  -9.04,  -5.31,  -0.12,   0.31,   0.02,   0.50,  -0.36,  90.00, 3.87, 0.00, 0.00, 0.00, 0.00, 1, 1,  9,  42.6264277, -88.1592849,   240.0, 2025,  4,  5, 14,  8, 48,        1,        2, 300,  38,   1.6,   0.9,   1.2, 31, 30,  0,  0,  0,  0, 30, 31, 16,  0,  0,  0,  0, 16,  0,  0, 22,  0,  0,  0,  0,  0,  0,  0,  0,  0, 32,  0,  0, 25,  0,  0
6, 11115, 3,N0CALL,    19.01, -52,  16,   -0.00,  99101.00,  186.80,    0.42,   -0.09, 15.6, 3.83, 3.83, 3.85,   0.24,  -3.38,  -9.04,  -5.31,  -0.12,   0.31,   0.02,   0.50,  -0.36,  90.00, 3.87, 0.00, 0.00, 0.00, 0.00, 1, 1,  9,  42.6264274, -88.1592872,   240.0, 2025,  4,  5, 14,  8, 49,        1,        2, 295,  35,   1.6,   0.9,   1.2, 34, 31,  0,  0,  0,  0, 34, 31, 17,  0,  0,  0,  0, 22,  0,  0, 26,  0,  0,  0,  0,  0,  0,  0,  0,  0, 30,  0,  0, 22,  0,  0
6, 11115, 3,N0CALL,    19.01, -52,   5,   -0.00,  99101.00,  186.80,    0.42,   -0.09, 15.6, 3.83, 3.83, 3.85,   0.24,  -3.38,  -9.04,  -5.31,  -0.12,   0.31,   0.02,   0.50,  -0.36,  90.00, 3.87, 0.00, 0.00, 0.00, 0.00, 1, 1,  9,  42.6264274, -88.1592872,   240.0, 2025,  4,  5, 14,  8, 49,        1,        2, 295,  35,   1.6,   0.9,   1.2, 34, 31,  0,  0,  0,  0, 34, 31, 17,  0,  0,  0,  0, 22,  0,  0, 26,  0,  0,  0,  0,  0,  0,  0,  0,  0, 30,  0,  0, 22,  0,  0
6, 11115, 3,N0CALL,    19.72, -52,   6,   -1.47,  99104.00,  186.54,    0.17,   -0.05, 15.6, 3.83, 3.83, 3.85,   0.16,  -4.16,  -8.89,  -2.99,   0.00,   0.31,   0.02,   0.54,  -0.35,  90.00, 3.87, 0.00, 0.00, 0.00, 0.00, 1, 1,  9,  42.6264274, -88.1592872,   240.0, 2025,  4,  5, 14,  8, 49,        1,        2, 295,  35,   1.6,   0.9,   1.2, 34, 31,  0,  0,  0,  0, 34, 31, 17,  0,  0,  0,  0, 22,  0,  0, 26,  0,  0,  0,  0,  0,  0,  0,  0,  0, 30,  0,  0, 22,  0,  0
6, 11115, 3,N0CALL,    19.75, -52,  10,   -1.47,  99104.00,  186.54,    0.17,   -0.05, 15.6, 3.83, 3.83, 3.85,   0.16,  -4.16,  -8.89,  -2.99,   0.00,   0.31,   0.02,   0.54,  -0.35,  90.00, 3.85, 0.00, 0.00, 0.00, 0.00, 1, 1,  9,  42.6264274, -88.1592872,   240.0, 2025,  4,  5, 14,  8, 49,        1,        2, 295,  35,   1.6,   0.9,   1.2, 34, 31,  0,  0,  0,  0, 34, 31, 17,  0,  0,  0,  0, 22,  0,  0, 26,  0,  0,  0,  0,  0,  0,  0,  0,  0, 30,  0,  0, 22,  0,  0
6, 11115, 3,N0CALL,    20.00, -49,  10,   -1.47,  99104.00,  186.54,    0.17,   -0.05, 15.6, 3.83, 3.83, 3.85,   0.16,  -4.16,  -8.89,  -2.99,   0.00,   0.31,   0.02,   0.54,  -0.35,  90.00, 3.85, 0.00, 0.00, 0.00, 0.00, 1, 1,  9,  42.6264262, -88.1592868,   240.0, 2025,  4,  5, 14,  8, 50,        1,        2, 290,  36,   1.6,   0.9,   1.2, 33, 33,  0,  0,  0,  0, 34, 30, 18,  0,  0,  0,  0, 30,  0,  0, 30,  0,  0,  0,  0,  0,  0,  0,  0,  0, 32,  0,  0, 30,  0,  0
6, 11115, 3,N0CALL,    20.00, -48,   6,   -1.47,  99104.00,  186.54,    0.17,   -0.05, 15.6, 3.83, 3.83, 3.85,   0.16,  -4.16,  -8.89,  -2.99,   0.00,   0.31,   0.02,   0.54,  -0.35,  90.00, 3.85, 0.00, 0.00, 0.00, 0.00, 1, 1,  9,  42.6264262, -88.1592868,   240.0, 2025,  4,  5, 14,  8, 50,        1,        2, 290,  36,   1.6,   0.9,   1.2, 33, 33,  0,  0,  0,  0, 34, 30, 18,  0,  0,  0,  0, 30,  0,  0, 30,  0,  0,  0,  0,  0,  0,  0,  0,  0, 32,  0,  0, 30,  0,  0
6, 11115, 3,N0CALL,    20.73, -51,   6,    0.98,  99107.00,  186.29,   -0.08,    0.19, 15.6, 3.83, 3.83, 3.85,   0.22,  -4.61,  -8.61,   8.85,   0.61,   0.31,   0.01,   0.54,  -0.35,  91.00, 3.85, 0.00, 0.00, 0.00, 0.00, 1, 1,  9,  42.6264262, -88.1592868,   240.0, 2025,  4,  5, 14,  8, 50,        1,        2, 290,  36,   1.6,   0.9,   1.2, 33, 33,  0,  0,  0,  0, 34, 30, 18,  0,  0,  0,  0, 30,  0,  0, 30,  0,  0,  0,  0,  0,  0,  0,  0,  0, 32,  0,  0, 30,  0,  0
6, 11115, 3,N0CALL,    20.76, -50,   9,    0.98,  99107.00,  186.29,   -0.08,    0.19, 15.6, 3.83, 3.83, 3.85,   0.22,  -4.61,  -8.61,   8.85,   0.61,   0.31,   0.01,   0.54,  -0.35,  91.00, 3.87, 0.00, 0.00, 0.00, 0.00, 1, 1,  9,  42.6264262, -88.1592868,   240.0, 2025,  4,  5, 14,  8, 50,        1,        2, 290,  36,   1.6,   0.9,   1.2, 33, 33,  0,  0,  0,  0, 34, 30, 18,  0,  0,  0,  0, 30,  0,  0, 30,  0,  0,  0,  0,  0,  0,  0,  0,  0, 32,  0,  0, 30,  0,  0
6, 11115, 3,N0CALL,    21.00, -46,   6,    0.98,  99107.00,  186.29,   -0.08,    0.19, 15.6, 3.83, 3.83, 3.85,   0.22,  -4.61,  -8.61,   8.85,   0.61,   0.31,   0.01,   0.54,  -0.35,  91.00, 3.87, 0.00, 0.00, 0.00, 0.00, 1, 1,  9,  42.6264262, -88.1592855,   240.0, 2025,  4,  5, 14,  8, 51,        1,        2, 292,  39,   1.6,   0.9,   1.2, 33, 33,  0,  0,  0,  0, 34, 30, 17,  0,  0,  0,  0, 32,  0,  0, 29,  0,  0,  0,  0,  0,  0,  0,  0,  0, 33,  0,  0, 29,  0,  0
6, 11115, 3,N0CALL,    21.00, -46,   6,    0.98,  99107.00,  186.29,   -0.08,    0.19, 15.6, 3.83, 3.83, 3.85,   0.22,  -4.61,  -8.61,   8.85,   0.61,   0.31,   0.01,   0.54,  -0.35,  91.00, 3.87, 0.00, 0.00, 0.00, 0.00, 1, 1,  9,  42.6264262, -88.1592855,   240.0, 2025,  4,  5, 14,  8, 51,        1,        2, 292,  39,   1.6,   0.9,   1.2, 33, 33,  0,  0,  0,  0, 34, 30, 17,  0,  0,  0,  0, 32,  0,  0, 29,  0,  0,  0,  0,  0,  0,  0,  0,  0, 33,  0,  0, 29,  0,  0
6, 11115, 3,N0CALL,    21.74, -46,   6,   -0.49,  99100.00,  186.88,    0.51,    0.10, 15.6, 3.83, 3.83, 3.85,   0.09,  -3.30,  -9.53,   6.96,   2.69,   2.75,   0.02,   0.47,  -0.38,  91.00, 3.87, 0.00, 0.00, 0.00, 0.00, 1, 1,  9,  42.6264262, -88.1592855,   240.0, 2025,  4,  5, 14,  8, 51,        1,        2, 292,  39,   1.6,   0.9,   1.2, 33, 33,  0,  0,  0,  0, 34, 30, 17,  0,  0,  0,  0, 32,  0,  0, 29,  0,  0,  0,  0,  0,  0,  0,  0,  0, 33,  0,  0, 29,  0,  0
6, 11115, 3,N0CALL,    21.77, -46,   9,   -0.49,  99100.00,  186.88,    0.51,    0.10, 15.6, 3.83, 3.83, 3.85,   0.09,  -3.30,  -9.53,   6.96,   2.69,   2.75,   0.02,   0.47,  -0.38,  91.00, 3.85, 0.00, 0.00, 0.00, 0.00, 1, 1,  9,  42.6264262, -88.1592855,   240.0, 2025,  4,  5, 14,  8, 51,        1,        2, 292,  39,   1.6,   0.9,   1.2, 33, 33,  0,  0,  0,  0, 34, 30, 17,  0,  0,  0,  0, 32,  0,  0, 29,  0,  0,  0,  0,  0,  0,  0,  0,  0, 33,  0,  0, 29,  0,  0
6, 11115, 3,N0CALL,    22.00, -51,   8,   -0.49,  99100.00,  186.88,    0.51,    0.10, 15.6, 3.83, 3.83, 3.85,   0.09,  -3.30,  -9.53,   6.96,   2.69,   2.75,   0.02,   0.47,  -0.38,  91.00, 3.85, 0.00, 0.00, 0.00, 0.00, 1, 1,  9,  42.6264259, -88.1592844,   240.0, 2025,  4,  5, 14,  8, 52,        1,        2, 292,  41,   1.6,   0.9,   1.2, 33, 32,  0,  0,  0,  0, 32, 30, 16,  0,  0,  0,  0, 31,  0,  0, 27,  0,  0,  0,  0,  0,  0,  0,  0,  0, 32,  0,  0, 29,  0,  0
6, 11115, 3,N0CALL,    22.00, -51,   5,   -0.49,  99100.00,  186.88,    0.51,    0.10, 15.6, 3.83, 3.83, 3.85,   0.09,  -3.30,  -9.53,   6.96,   2.69,   2.75,   0.02,   0.47,  -0.38,  91.00, 3.85, 0.00, 0.00, 0.00, 0.00, 1, 1,  9,  42.6264259, -88.1592844,   240.0, 2025,  4,  5, 14,  8, 52,        1,        2, 292,  41,   1.6,   0.9,   1.2, 33, 32,  0,  0,  0,  0, 32, 30, 16,  0,  0,  0,  0, 31,  0,  0, 27,  0,  0,  0,  0,  0,  0,  0,  0,  0, 32,  0,  0, 29,  0,  0
6, 11115, 3,N0CALL,    22.75, -51,   7,   -0.00,  99103.00,  186.63,    0.25,    0.12, 15.6, 3.83, 3.83, 3.85,   0.07,  -2.74,  -9.52,  -2.62,   0.18,   0.37,   0.01,   0.45,  -0.40,  90.00, 3.85, 0.00, 0.00, 0.00, 0.00, 1, 1,  9,  42.6264259, -88.1592844,   240.0, 2025,  4,  5, 14,  8, 52,        1,        2, 292,  41,   1.6,   0.9,   1.2, 33, 32,  0,  0,  0,  0, 32, 30, 16,  0,  0,  0,  0, 31,  0,  0, 27,  0,  0,  0,  0,  0,  0,  0,  0,  0, 32,  0,  0, 29,  0,  0
6, 11115, 3,N0CALL,    22.78, -51,   7,   -0.00,  99103.00,  186.63,    0.25,    0.12, 15.6, 3.83, 3.83, 3.85,   0.07,  -2.74,  -9.52,  -2.62,   0.18,   0.37,   0.01,   0.45,  -0.40,  90.00, 3.86, 0.00, 0.00, 0.00, 0.00, 1, 1,  9,  42.6264259, -88.1592844,   240.0, 2025,  4,  5, 14,  8, 52,        1,        2, 292,  41,   1.6,   0.9,   1.2, 33, 32,  0,  0,  0,  0, 32, 30, 16,  0,  0,  0,  0, 31,  0,  0, 27,  0,  0,  0,  0,  0,  0,  0,  0,  0, 32,  0,  0, 29,  0,  0
6, 11115, 3,N0CALL,    23.00, -46,   5,   -0.00,  99103.00,  186.63,    0.25,    0.12, 15.6, 3.83, 3.83, 3.85,   0.07,  -2.74,  -9.52,  -2.62,   0.18,   0.37,   0.01,   0.45,  -0.40,  90.00, 3.86, 0.00, 0.00, 0.00, 0.00, 1, 1,  9,  42.6264261, -88.1592830,   240.0, 2025,  4,  5, 14,  8, 53,        1,        1, 295,  43,   1.6,   0.9,   1.2, 29, 25,  0,  0,  0,  0, 25, 33, 16,  0,  0,  0,  0, 26,  0,  0, 26,  0,  0,  0,  0,  0,  0,  0,  0,  0, 26,  0,  0, 21,  0,  0
6, 11115, 3,N0CALL,    23.00, -46,   4,   -0.00,  99103.00,  186.63,    0.25,    0.12, 15.6, 3.83, 3.83, 3.85,   0.07,  -2.74,  -9.52,  -2.62,   0.18,   0.37,   0.01,   0.45,  -0.40,  90.00, 3.86, 0.00, 0.00, 0.00, 0.00, 1, 1,  9,  42.6264261, -88.1592830,   240.0, 2025,  4,  5, 14,  8, 53,        1,        1, 295,  43,   1.6,   0.9,   1.2, 29, 25,  0,  0,  0,  0, 25, 33, 16,  0,  0,  0,  0, 26,  0,  0, 26,  0,  0,  0,  0,  0,  0,  0,  0,  0, 26,  0,  0, 21,  0,  0
6, 11115, 3,N0CALL,    23.00, -46,   5,   -0.00,  99103.00,  186.63,    0.25,    0.12, 15.6, 3.83, 3.83, 3.85,   0.07,  -2.74,  -9.52,  -2.62,   0.18,   0.37,   0.01,   0.45,  -0.40,  90.00, 3.86, 0.00, 0.00, 0.00, 0.00, 1, 1,  9,  42.6264261, -88.1592830,   240.0, 2025,  4,  5, 14,  8, 53,        1,        1, 295,  43,   1.6,   0.9,   1.2, 29, 25,  0,  0,  0,  0, 25, 33, 16,  0,  0,  0,  0, 26,  0,  0, 26,  0,  0,  0,  0,  0,  0,  0,  0,  0, 26,  0,  0, 21,  0,  0
6, 11115, 3,N0CALL,    23.76, -46,   7,    0.49,  99098.00,  187.05,    0.68,    0.05, 15.6, 3.83, 3.83, 3.85,   0.10,  -2.86,  -9.42,  -6.65,   0.61,   2.44,   0.01,   0.45,  -0.40,  90.00, 3.86, 0.00, 0.00, 0.00, 0.00, 1, 1,  9,  42.6264261, -88.1592830,   240.0, 2025,  4,  5, 14,  8, 53,        1,        1, 295,  43,   1.6,   0.9,   1.2, 29, 25,  0,  0,  0,  0, 25, 33, 16,  0,  0,  0,  0, 26,  0,  0, 26,  0,  0,  0,  0,  0,  0,  0,  0,  0, 26,  0,  0, 21,  0,  0
6, 11115, 3,N0CALL,    23.79, -46,  11,    0.49,  99098.00,  187.05,    0.68,    0.05, 15.6, 3.83, 3.83, 3.85,   0.10,  -2.86,  -9.42,  -6.65,   0.61,   2.44,   0.01,   0.45,  -0.40,  90.00, 3.86, 0.00, 0.00, 0.00, 0.00, 1, 1,  9,  42.6264261, -88.1592830,   240.0, 2025,  4,  5, 14,  8, 53,        1,        1, 295,  43,   1.6,   0.9,   1.2, 29, 25,  0,  0,  0,  0, 25, 33, 16,  0,  0,  0,  0, 26,  0,  0, 26,  0,  0,  0,  0,  0,  0,  0,  0,  0, 26,  0,  0, 21,  0,  0
6, 11115, 3,N0CALL,    24.00, -48,   6,    0.49,  99098.00,  187.05,    0.68,    0.05, 15.6, 3.83, 3.83, 3.85,   0.10,  -2.86,  -9.42,  -6.65,   0.61,   2.44,   0.01,   0.45,  -0.40,  90.00, 3.86, 0.00, 0.00, 0.00, 0.00, 1, 1,  9,  42.6264251, -88.1592819,   240.0, 2025,  4,  5, 14,  8, 54,        1,        1, 292,  47,   1.6,   0.9,   1.2, 30, 25,  0,  0,  0,  0, 23, 32, 18,  0,  0,  0,  0, 28,  0,  0, 25,  0,  0,  0,  0,  0,  0,  0,  0,  0, 28,  0,  0, 23,  0,  0
6, 11115, 3,N0CALL,    24.00, -48,  14,    0.49,  99098.00,  187.05,    0.68,    0.05, 15.6, 3.83, 3.83, 3.85,   0.10,  -2.86,  -9.42,  -6.65,   0.61,   2.44,   0.01,   0.45,  -0.40,  90.00, 3.86, 0.00, 0.00, 0.00, 0.00, 1, 1,  9,  42.6264251, -88.1592819,   240.0, 2025,  4,  5, 14,  8, 54,        1,        1, 292,  47,   1.6,   0.9,   1.2, 30, 25,  0,  0,  0,  0, 23, 32, 18,  0,  0,  0,  0, 28,  0,  0, 25,  0,  0,  0,  0,  0,  0,  0,  0,  0, 28,  0,  0, 23,  0,  0
6, 11115, 3,N0CALL,    24.77, -49,   7,   -0.00,  99100.00,  186.88,    0.51,   -0.07, 15.6, 3.83, 3.83, 3.85,   0.14,  -2.69,  -9.38,  -1.46,   0.55,   2.32,   0.02,   0.45,  -0.38,  90.00, 3.86, 0.00, 0.00, 0.00, 0.00, 1, 1,  9,  42.6264251, -88.1592819,   240.0, 2025,  4,  5, 14,  8, 54,        1,        1, 292,  47,   1.6,   0.9,   1.2, 30, 25,  0,  0,  0,  0, 23, 32, 18,  0,  0,  0,  0, 28,  0,  0, 25,  0,  0,  0,  0,  0,  0,  0,  0,  0, 28,  0,  0, 23,  0,  0
6, 11115, 3,N0CALL,    24.80, -48,   6,   -0.00,  99100.00,  186.88,    0.51,   -0.07, 15.6, 3.83, 3.83, 3.85,   0.14,  -2.69,  -9.38,  -1.46,   0.55,   2.32,   0.02,   0.45,  -0.38,  90.00, 3.86, 0.00, 0.00, 0.00, 0.00, 1, 1,  9,  42.6264251, -88.1592819,   240.0, 2025,  4,  5, 14,  8, 54,        1,        1, 292,  47,   1.6,   0.9,   1.2, 30, 25,  0,  0,  0,  0, 23, 32, 18,  0,  0,  0,  0, 28,  0,  0, 25,  0,  0,  0,  0,  0,  0,  0,  0,  0, 28,  0,  0, 23,  0,  0
6, 11115, 3,N0CALL,    25.00, -50,   6,   -0.00,  99100.00,  186.88,    0.51,   -0.07, 15.6, 3.83, 3.83, 3.85,   0.14,  -2.69,  -9.38,  -1.46,   0.55,   2.32,   0.02,   0.45,  -0.38,  90.00, 3.86, 0.00, 0.00, 0.00, 0.00, 1, 1,  9,  42.6264224, -88.1592809,   240.0, 2025,  4,  5, 14,  8, 55,        1,        1, 273,  52,   1.6,   0.9,   1.2, 33, 24,  0,  0,  0,  0, 20, 32, 20,  0,  0,  0,  0, 30,  0,  0, 25,  0,  0,  0,  0,  0,  0,  0,  0,  0, 30,  0,  0, 25,  0,  0
6, 11115, 3,N0CALL,    25.00, -49,   7,   -0.00,  99100.00,  186.88,    0.51,   -0.07, 15.6, 3.83, 3.83, 3.85,   0.14,  -2.69,  -9.38,  -1.46,   0.55,   2.32,   0.02,   0.45,  -0.38,  90.00, 3.86, 0.00, 0.00, 0.00, 0.00, 1, 1,  9,  42.6264224, -88.1592809,   240.0, 2025,  4,  5, 14,  8, 55,        1,        1, 273,  52,   1.6,   0.9,   1.2, 33, 24,  0,  0,  0,  0, 20, 32, 20,  0,  0,  0,  0, 30,  0,  0, 25,  0,  0,  0,  0,  0,  0,  0,  0,  0, 30,  0,  0, 25,  0,  0
6, 11115, 3,N0CALL,    25.78, -50,   6,   -0.98,  99098.00,  187.05,    0.68,   -0.54, 15.6, 3.83, 3.83, 3.85,   0.32,  -2.23,  -9.25,   5.13,   1.46,  -1.71,   0.01,   0.40,  -0.41,  90.00, 3.86, 0.00, 0.00, 0.00, 0.00, 1, 1,  9,  42.6264224, -88.1592809,   240.0, 2025,  4,  5, 14,  8, 55,        1,        1, 273,  52,   1.6,   0.9,   1.2, 33, 24,  0,  0,  0,  0, 20, 32, 20,  0,  0,  0,  0, 30,  0,  0, 25,  0,  0,  0,  0,  0,  0,  0,  0,  0, 30,  0,  0, 25,  0,  0
6, 11115, 3,N0CALL,    25.81, -49,   6,   -0.98,  99098.00,  187.05,    0.68,   -0.54, 15.6, 3.83, 3.83, 3.85,   0.32,  -2.23,  -9.25,   5.13,   1.46,  -1.71,   0.01,   0.40,  -0.41,  90.00, 3.86, 0.00, 0.00, 0.00, 0.00, 1, 1,  9,  42.6264224, -88.1592809,   240.0, 2025,  4,  5, 14,  8, 55,        1,        1, 273,  52,   1.6,   0.9,   1.2, 33, 24,  0,  0,  0,  0, 20, 32, 20,  0,  0,  0,  0, 30,  0,  0, 25,  0,  0,  0,  0,  0,  0,  0,  0,  0, 30,  0,  0, 25,  0,  0
6, 11115, 3,N0CALL,    26.00, -52,   5,   -0.98,  99098.00,  187.05,    0.68,   -0.54, 15.6, 3.83, 3.83, 3.85,   0.32,  -2.23,  -9.25,   5.13,   1.46,  -1.71,   0.01,   0.40,  -0.41,  90.00, 3.86, 0.00, 0.00, 0.00, 0.00, 1, 1,  9,  42.6264210, -88.1592770,   240.0, 2025,  4,  5, 14,  8, 56,        0,        1, 257,  64,   1.6,   0.9,   1.2, 32, 23,  0,  0,  0,  0, 21, 33, 21,  0,  0,  0,  0, 29,  0,  0, 24,  0,  0,  0,  0,  0,  0,  0,  0,  0, 30,  0,  0, 25,  0,  0
6, 11115, 3,N0CALL,    26.00, -52,   5,   -0.98,  99098.00,  187.05,    0.68,   -0.54, 15.6, 3.83, 3.83, 3.85,   0.32,  -2.23,  -9.25,   5.13,   1.46,  -1.71,   0.01,   0.40,  -0.41,  90.00, 3.86, 0.00, 0.00, 0.00, 0.00, 1, 1,  9,  42.6264210, -88.1592770,   240.0, 2025,  4,  5, 14,  8, 56,        0,        1, 257,  64,   1.6,   0.9,   1.2, 32, 23,  0,  0,  0,  0, 21, 33, 21,  0,  0,  0,  0, 29,  0,  0, 24,  0,  0,  0,  0,  0,  0,  0,  0,  0, 30,  0,  0, 25,  0,  0
6, 11115, 3,N0CALL,    26.79, -51,   7,   -1.47,  99104.00,  186.54,    0.17,   -0.69, 15.6, 3.83, 3.83, 3.85,  -0.01,  -0.65,  -9.85,  12.15,   0.85, -10.74,   0.01,   0.33,  -0.41,  90.00, 3.86, 0.00, 0.00, 0.00, 0.00, 1, 1,  9,  42.6264210, -88.1592770,   240.0, 2025,  4,  5, 14,  8, 56,        0,        1, 257,  64,   1.6,   0.9,   1.2, 32, 23,  0,  0,  0,  0, 21, 33, 21,  0,  0,  0,  0, 29,  0,  0, 24,  0,  0,  0,  0,  0,  0,  0,  0,  0, 30,  0,  0, 25,  0,  0
6, 11115, 3,N0CALL,    26.82, -51,  10,   -1.47,  99104.00,  186.54,    0.17,   -0.69, 15.6, 3.83, 3.83, 3.85,  -0.01,  -0.65,  -9.85,  12.15,   0.85, -10.74,   0.01,   0.33,  -0.41,  90.00, 3.85, 0.00, 0.00, 0.00, 0.00, 1, 1,  9,  42.6264210, -88.1592770,   240.0, 2025,  4,  5, 14,  8, 56,        0,        1, 257,  64,   1.6,   0.9,   1.2, 32, 23,  0,  0,  0,  0, 21, 33, 21,  0,  0,  0,  0, 29,  0,  0, 24,  0,  0,  0,  0,  0,  0,  0,  0,  0, 30,  0,  0, 25,  0,  0
6, 11115, 3,N0CALL,    27.00, -54,   7,   -1.47,  99104.00,  186.54,    0.17,   -0.69, 15.6, 3.83, 3.83, 3.85,  -0.01,  -0.65,  -9.85,  12.15,   0.85, -10.74,   0.01,   0.33,  -0.41,  90.00, 3.85, 0.00, 0.00, 0.00, 0.00, 1, 1,  9,  42.6264203, -88.1592754,   239.0, 2025,  4,  5, 14,  8, 57,        0,        0, 241,   0,   1.6,   0.9,   1.2, 32, 22,  0,  0,  0,  0, 21, 33, 22,  0,  0,  0,  0, 29,  0,  0, 25,  0,  0,  0,  0,  0,  0,  0,  0,  0, 30,  0,  0, 26,  0,  0
6, 11115, 3,N0CALL,    27.00, -54,   8,   -1.47,  99104.00,  186.54,    0.17,   -0.69, 15.6, 3.83, 3.83, 3.85,  -0.01,  -0.65,  -9.85,  12.15,   0.85, -10.74,   0.01,   0.33,  -0.41,  90.00, 3.85, 0.00, 0.00, 0.00, 0.00, 1, 1,  9,  42.6264203, -88.1592754,   239.0, 2025,  4,  5, 14,  8, 57,        0,        0, 241,   0,   1.6,   0.9,   1.2, 32, 22,  0,  0,  0,  0, 21, 33, 22,  0,  0,  0,  0, 29,  0,  0, 25,  0,  0,  0,  0,  0,  0,  0,  0,  0, 30,  0,  0, 26,  0,  0
6, 11115, 3,N0CALL,    27.80, -54,   6,    1.47,  99120.00,  185.19,   -1.19,    0.17, 15.6, 3.83, 3.83, 3.85,   0.04,   0.55,  -9.82,   7.45,   0.92,   0.37,   0.01,   0.30,  -0.41,  92.00, 3.85, 0.00, 0.00, 0.00, 0.00, 1, 1,  9,  42.6264203, -88.1592754,   239.0, 2025,  4,  5, 14,  8, 57,        0,        0, 241,   0,   1.6,   0.9,   1.2, 32, 22,  0,  0,  0,  0, 21, 33, 22,  0,  0,  0,  0, 29,  0,  0, 25,  0,  0,  0,  0,  0,  0,  0,  0,  0, 30,  0,  0, 26,  0,  0
6, 11115, 3,N0CALL,    27.83, -54,   5,    1.47,  99120.00,  185.19,   -1.19,    0.17, 15.6, 3.83, 3.83, 3.85,   0.04,   0.55,  -9.82,   7.45,   0.92,   0.37,   0.01,   0.30,  -0.41,  92.00, 3.85, 0.00, 0.00, 0.00, 0.00, 1, 1,  9,  42.6264203, -88.1592754,   239.0, 2025,  4,  5, 14,  8, 57,        0,        0, 241,   0,   1.6,   0.9,   1.2, 32, 22,  0,  0,  0,  0, 21, 33, 22,  0,  0,  0,  0, 29,  0,  0, 25,  0,  0,  0,  0,  0,  0,  0,  0,  0, 30,  0,  0, 26,  0,  0
6, 11115, 3,N0CALL,    28.00, -54,   6,    1.47,  99120.00,  185.19,   -1.19,    0.17, 15.6, 3.83, 3.83, 3.85,   0.04,   0.55,  -9.82,   7.45,   0.92,   0.37,   0.01,   0.30,  -0.41,  92.00, 3.85, 0.00, 0.00, 0.00, 0.00, 1, 1,  9,  42.6264205, -88.1592736,   239.0, 2025,  4,  5, 14,  8, 58,        0,        0, 228,   0,   1.6,   0.9,   1.2, 32, 22,  0,  0,  0,  0, 22, 33, 23,  0,  0,  0,  0, 28,  0,  0, 26,  0,  0,  0,  0,  0,  0,  0,  0,  0, 31,  0,  0, 27,  0,  0
6, 11115, 3,N0CALL,    28.00, -54,   6,    1.47,  99120.00,  185.19,   -1.19,    0.17, 15.6, 3.83, 3.83, 3.85,   0.04,   0.55,  -9.82,   7.45,   0.92,   0.37,   0.01,   0.30,  -0.41,  92.00, 3.85, 0.00, 0.00, 0.00, 0.00, 1, 1,  9,  42.6264205, -88.1592736,   239.0, 2025,  4,  5, 14,  8, 58,        0,        0, 228,   0,   1.6,   0.9,   1.2, 32, 22,  0,  0,  0,  0, 22, 33, 23,  0,  0,  0,  0, 28,  0,  0, 26,  0,  0,  0,  0,  0,  0,  0,  0,  0, 31,  0,  0, 27,  0,  0
6, 11115, 3,N0CALL,    28.00, -54,  11,    1.47,  99120.00,  185.19,   -1.19,    0.17, 15.6, 3.83, 3.83, 3.85,   0.04,   0.55,  -9.82,   7.45,   0.92,   0.37,   0.01,   0.30,  -0.41,  92.00, 3.85, 0.00, 0.00, 0.00, 0.00, 1, 1,  9,  42.6264205, -88.1592736,   239.0, 2025,  4,  5, 14,  8, 58,        0,        0, 228,   0,   1.6,   0.9,   1.2, 32, 22,  0,  0,  0,  0, 22, 33, 23,  0,  0,  0,  0, 28,  0,  0, 26,  0,  0,  0,  0,  0,  0,  0,  0,  0, 31,  0,  0, 27,  0,  0
6, 11115, 3,N0CALL,    28.81, -54,  12,    0.98,  99113.00,  185.78,   -0.59,    0.60, 15.7, 3.83, 3.83, 3.85,  -0.04,   1.23,  -9.86,   9.40,   1.10,  -0.18,   0.02,   0.27,  -0.41,  91.00, 3.85, 0.00, 0.00, 0.00, 0.00, 1, 1,  9,  42.6264205, -88.1592736,   239.0, 2025,  4,  5, 14,  8, 58,        0,        0, 228,   0,   1.6,   0.9,   1.2, 32, 22,  0,  0,  0,  0, 22, 33, 23,  0,  0,  0,  0, 28,  0,  0, 26,  0,  0,  0,  0,  0,  0,  0,  0,  0, 31,  0,  0, 27,  0,  0
6, 11115, 3,N0CALL,    28.84, -54,   7,    0.98,  99113.00,  185.78,   -0.59,    0.60, 15.7, 3.83, 3.83, 3.85,  -0.04,   1.23,  -9.86,   9.40,   1.10,  -0.18,   0.02,   0.27,  -0.41,  91.00, 3.86, 0.00, 0.00, 0.00, 0.00, 1, 1,  9,  42.6264205, -88.1592736,   239.0, 2025,  4,  5, 14,  8, 58,        0,        0, 228,   0,   1.6,   0.9,   1.2, 32, 22,  0,  0,  0,  0, 22, 33, 23,  0,  0,  0,  0, 28,  0,  0, 26,  0,  0,  0,  0,  0,  0,  0,  0,  0, 31,  0,  0, 27,  0,  0
6, 11115, 3,N0CALL,    29.00, -52,   8,    0.98,  99113.00,  185.78,   -0.59,    0.60, 15.7, 3.83, 3.83, 3.85,  -0.04,   1.23,  -9.86,   9.40,   1.10,  -0.18,   0.02,   0.27,  -0.41,  91.00, 3.86, 0.00, 0.00, 0.00, 0.00, 1, 1,  9,  42.6264219, -88.1592721,   239.0, 2025,  4,  5, 14,  8, 59,        0,        0, 260,   0,   1.6,   0.9,   1.2, 37, 31,  0,  0,  0,  0, 24, 33, 22,  0,  0,  0,  0, 27,  0,  0, 26,  0,  0,  0,  0,  0,  0,  0,  0,  0, 31,  0,  0, 26,  0,  0
6, 11115, 3,N0CALL,    29.00, -52,   6,    0.98,  99113.00,  185.78,   -0.59,    0.60, 15.7, 3.83, 3.83, 3.85,  -0.04,   1.23,  -9.86,   9.40,   1.10,  -0.18,   0.02,   0.27,  -0.41,  91.00, 3.86, 0.00, 0.00, 0.00, 0.00, 1, 1,  9,  42.6264219, -88.1592721,   239.0, 2025,  4,  5, 14,  8, 59,        0,        0, 260,   0,   1.6,   0.9,   1.2, 37, 31,  0,  0,  0,  0, 24, 33, 22,  0,  0,  0,  0, 27,  0,  0, 26,  0,  0,  0,  0,  0,  0,  0,  0,  0, 31,  0,  0, 26,  0,  0
6, 11115, 3,N0CALL,    29.82, -52,   6,    1.47,  99104.00,  186.54,    0.17,    0.31, 15.7, 3.83, 3.83, 3.85,  -0.02,   0.46,  -9.93,  -1.34,   0.06,   0.43,   0.02,   0.32,  -0.41,  92.00, 3.86, 0.00, 0.00, 0.00, 0.00, 1, 1,  9,  42.6264219, -88.1592721,   239.0, 2025,  4,  5, 14,  8, 59,        0,        0, 260,   0,   1.6,   0.9,   1.2, 37, 31,  0,  0,  0,  0, 24, 33, 22,  0,  0,  0,  0, 27,  0,  0, 26,  0,  0,  0,  0,  0,  0,  0,  0,  0, 31,  0,  0, 26,  0,  0
6, 11115, 3,N0CALL,    29.85, -52,  10,    1.47,  99104.00,  186.54,    0.17,    0.31, 15.7, 3.83, 3.83, 3.85,  -0.02,   0.46,  -9.93,  -1.34,   0.06,   0.43,   0.02,   0.32,  -0.41,  92.00, 3.87, 0.00, 0.00, 0.00, 0.00, 1, 1,  9,  42.6264219, -88.1592721,   239.0, 2025,  4,  5, 14,  8, 59,        0,        0, 260,   0,   1.6,   0.9,   1.2, 37, 31,  0,  0,  0,  0, 24, 33, 22,  0,  0,  0,  0, 27,  0,  0, 26,  0,  0,  0,  0,  0,  0,  0,  0,  0, 31,  0,  0, 26,  0,  0
6, 11115, 3,N0CALL,    30.00, -52,   7,    1.47,  99104.00,  186.54,    0.17,    0.31, 15.7, 3.83, 3.83, 3.85,  -0.02,   0.46,  -9.93,  -1.34,   0.06,   0.43,   0.02,   0.32,  -0.41,  92.00, 3.87, 0.00, 0.00, 0.00, 0.00, 1, 1,  9,  42.6264220, -88.1592713,   239.0, 2025,  4,  5, 14,  9,  0,        0,        0,   0,   0,   1.6,   0.9,   1.2, 37, 30,  0,  0,  0,  0, 26, 32, 21,  0,  0,  0,  0, 26,  0,  0, 25,  0,  0,  0,  0,  0,  0,  0,  0,  0, 31,  0,  0, 26,  0,  0
6, 11115, 3,N0CALL,    30.00, -52,   6,    1.47,  99104.00,  186.54,    0.17,    0.31, 15.7, 3.83, 3.83, 3.85,  -0.02,   0.46,  -9.93,  -1.34,   0.06,   0.43,   0.02,   0.32,  -0.41,  92.00, 3.87, 0.00, 0.00, 0.00, 0.00, 1, 1,  9,  42.6264220, -88.1592713,   239.0, 2025,  4,  5, 14,  9,  0,        0,        0,   0,   0,   1.6,   0.9,   1.2, 37, 30,  0,  0,  0,  0, 26, 32, 21,  0,  0,  0,  0, 26,  0,  0, 25,  0,  0,  0,  0,  0,  0,  0,  0,  0, 31,  0,  0, 26,  0,  0
6, 11115, 3,N0CALL,    30.83, -52,   9,   -0.49,  99101.00,  186.80,    0.42,    0.31, 15.7, 3.83, 3.83, 3.85,   0.01,   0.88,  -9.89,  -0.67,   0.12,   0.49,   0.02,   0.30,  -0.41,  91.00, 3.87, 0.00, 0.00, 0.00, 0.00, 1, 1,  9,  42.6264220, -88.1592713,   239.0, 2025,  4,  5, 14,  9,  0,        0,        0,   0,   0,   1.6,   0.9,   1.2, 37, 30,  0,  0,  0,  0, 26, 32, 21,  0,  0,  0,  0, 26,  0,  0, 25,  0,  0,  0,  0,  0,  0,  0,  0,  0, 31,  0,  0, 26,  0,  0
6, 11115, 3,N0CALL,    30.86, -52,   7,   -0.49,  99101.00,  186.80,    0.42,    0.31, 15.7, 3.83, 3.83, 3.85,   0.01,   0.88,  -9.89,  -0.67,   0.12,   0.49,   0.02,   0.30,  -0.41,  91.00, 3.85, 0.00, 0.00, 0.00, 0.00, 1, 1,  9,  42.6264220, -88.1592713,   239.0, 2025,  4,  5, 14,  9,  0,        0,        0,   0,   0,   1.6,   0.9,   1.2, 37, 30,  0,  0,  0,  0, 26, 32, 21,  0,  0,  0,  0, 26,  0,  0, 25,  0,  0,  0,  0,  0,  0,  0,  0,  0, 31,  0,  0, 26,  0,  0
